"0","tamaramorrison@hotmail.com","pbkdf2:sha256:260000$kE5UD1qbmmrErX2I$3112e60276daf71496b45087893b384d627043819470aca57a8cf2591bc8ac71","Gary","Cross","9342 Lori Bypass Suite 711
East Sandra, CO 92162"
"1","qoliver@gmail.com","pbkdf2:sha256:260000$pSfNIOt834PRVuGZ$12a0d3b1c662238c385334571fe7a585aa7a15a9cfbc2e07bef7ae3b5e40bc6b","Madison","Zuniga","6208 Williams Courts Suite 345
Masseyshire, UT 88665"
"2","moraleserika@yahoo.com","pbkdf2:sha256:260000$x7i0eNq5gFeoAVoy$b58c9abacca64900b23d63a8129bc1a1d18d62448df61001f6079c78f4cbd945","Shane","Bradley","891 David Run
Port Kevin, HI 13631"
"3","zsmith@hotmail.com","pbkdf2:sha256:260000$LSW0qVPwTEStSSwW$c71a94a01d74dba6e2fb56b906beb380d60753a42c46987c04a643a42664da24","Sara","Evans","361 Robinson Green Apt. 635
North Lynntown, NC 59694"
"4","berryerika@hotmail.com","pbkdf2:sha256:260000$cm7EaXWyt3IwKgPU$3fa3bfde09cf5b2938860d25144c97dff493f70eaf969a0ff67b2ccc13ba123b","Charles","Scott","634 Petersen Orchard
Lawsonbury, AK 86613"
"5","debra94@gmail.com","pbkdf2:sha256:260000$HblU7VayVj9tTfE6$1969b10dfc34d149d769633658ccd313252f8831f689f55b7da732e2bff7fdf4","John","Ellis","306 Watson Field
Kellyland, AZ 64223"
"6","eric22@gmail.com","pbkdf2:sha256:260000$wIPLitrwUQ308dAK$6f084b638c31447359f351624358869473e1d7db40e82ffaef11f6e33982b8e0","Melissa","Cantu","45602 Phillip Squares
East Robertside, WA 19150"
"7","sparkskevin@yahoo.com","pbkdf2:sha256:260000$T6oxcGJstTtpxLMR$9692cc28656766acac05778f35a8a4c9fd213fc478833c39a13b34db36b60584","Nicole","Davis","16448 Audrey Road
New Daniel, ND 53377"
"8","thernandez@gmail.com","pbkdf2:sha256:260000$NKmWdGvJ4aaeyHDB$b0d9330b229030c7c874657603e2cc3d3b205922bdb5036348b696c270284578","Angela","Avery","75667 Blair Underpass
South Shelby, VT 07027"
"9","falexander@gmail.com","pbkdf2:sha256:260000$zRDKOhl4vFCZ7c6e$3d3cc86f2db86d972d019cdc46f75ede325a714a51b561791b9904fda3dfb350","Jesus","Nguyen","3791 Hansen Village
Williamsburgh, NM 29343"
"10","lisatran@yahoo.com","pbkdf2:sha256:260000$B0nu40xg2iBSRydc$ad812c24a039896bce1f09cb2802725a215cfc50b9a22418740cd0906e2b561e","Zachary","Smith","62281 Kathy Tunnel
Hudsonborough, VA 17819"
"11","jessica66@gmail.com","pbkdf2:sha256:260000$y6ltOSEKEaiu0clG$bd62c16b22f2e5f4e82da1158816a233ca9f76e5c0f65c644291fc7797d3d979","Anthony","Mccoy","91662 Vincent Road Apt. 153
East Sonya, GA 97862"
"12","connie57@yahoo.com","pbkdf2:sha256:260000$MQxYsz4KdIsCSyM8$c7fa8d2af501bc0971bf9cc58119c1c29748090bf4ff98298830554e22c19d5f","Melanie","Park","29072 Noble Stravenue
Browningview, RI 25097"
"13","anthony04@gmail.com","pbkdf2:sha256:260000$eNDlSebbt8NS2MHP$f2073acbe4e5aed6a23794d9d3d5ae780adac09c9269ac7432cc77777a1a71dc","Jonathan","Simon","609 Gomez Port Apt. 945
South Thomashaven, AZ 11181"
"14","gutierrezbryan@yahoo.com","pbkdf2:sha256:260000$60x54HijLwXMdkol$ff342499a6521b03cec14281198d55f5a918534b00eece8e37c70436a50c1a89","Kelly","Mckinney","251 Brown Knoll
Emilyshire, NH 54532"
"15","kford@gmail.com","pbkdf2:sha256:260000$W48GJpT5RH9Z75t4$b8080a34afeee49575ae2b7fe1d1679ac2ae52a5e3ff7400a4e945a2553af346","Aaron","Morgan","90622 Anthony Islands
North Brandonville, RI 19859"
"16","carterryan@hotmail.com","pbkdf2:sha256:260000$ldC8pn1aZnirwhST$f847a13ac970cca088f01ed0afb0d7882dc0f1e121519dda259cd140b57dbbae","Micheal","Munoz","2219 Martin Meadows
Fordland, NE 71923"
"17","samanthajackson@yahoo.com","pbkdf2:sha256:260000$qDZstrWDwGAG61nF$43215f965db5d71c8a821d3307fbd3319016c48e1413df772aa54662110a63d9","John","Rodriguez","96538 Williams River Apt. 487
Kennedyburgh, ND 48253"
"18","tamara23@yahoo.com","pbkdf2:sha256:260000$PaSbpOnL1bVHRb3B$e25d90d7336809809e6e00ee9058dc1ff0d733decca40ad20015be7ffc215a37","Brian","Kennedy","546 Mariah Crest Suite 587
Lake Jenna, MI 57113"
"19","mdavidson@hotmail.com","pbkdf2:sha256:260000$33EntIQde9NEm6Os$abba76fd5239511c04aeec4aa6a71210bf16c195d6b6a69346a1239a939da5de","Lisa","Gaines","140 Christine Shoals
South Jamie, MD 26932"
"20","lopezsarah@hotmail.com","pbkdf2:sha256:260000$PGf8MH3URhn2NTIe$1d1e594014f5a51f9b199ded7d4af1f7ddcc9861ed07a00bd1d9935a2d481abd","Karen","Perez","50592 Myers Field
Crawfordburgh, AR 44929"
"21","janet06@gmail.com","pbkdf2:sha256:260000$Vd8IQUIUUhcYQOGa$97bea3e2f413d3d9bddddbf0e5894a1fa35e411155bf3a21c3ec7ab77b683ecd","Mark","Mitchell","302 Parker Plains Apt. 197
East Robertstad, CO 98152"
"22","michaelgrant@hotmail.com","pbkdf2:sha256:260000$jiBPIvxt1ttBJAU6$9c30a5260a58c39cc87e3cfb1304e10fcce2b0718b77459b71b22cd7981670ec","Kimberly","Brown","Unit 3639 Box 7524
DPO AP 46184"
"23","preyes@gmail.com","pbkdf2:sha256:260000$CZ9wO2fcRPQ5rB67$b23406c311ca4069dd648aa6e9b69fda9bb0de82bbd87367e5ef9aba247f6192","Amy","Price","70586 Alison Parks
Josephchester, UT 08149"
"24","twright@hotmail.com","pbkdf2:sha256:260000$1iGCdwkBJHUh3ubV$7b9ffffd92100c90765d82871130bcb0107214b06f712301a915d1397065bcab","Kim","Nolan","92555 Shaw Spurs Suite 207
New Randy, ME 58221"
"25","jack27@hotmail.com","pbkdf2:sha256:260000$6GVPzA0KVQPajOqf$75a324ed791192b59bc2e787e1e439fea3c24ed8e7c9c1261ac4aa85d577cdd2","William","Smith","300 Merritt Bypass Apt. 816
Martinborough, AR 44951"
"26","newtonsean@hotmail.com","pbkdf2:sha256:260000$xDayc0JEtGvZm3iv$b6f1b25b1768d0557e8dcc913dba999f08d3a77572558ece8ab4b208681c1409","Lisa","Beltran","392 Barbara Heights
Johnnyfurt, AL 83909"
"27","destinywoods@hotmail.com","pbkdf2:sha256:260000$KecrmAkbRFcJeUba$8df5d4fdbc717847978d6c36f6cc45622526dbaeafebac6b3061c1f0c1b88623","Rachael","Diaz","78264 Lewis Burg
Lutzburgh, NV 41821"
"28","hbrown@gmail.com","pbkdf2:sha256:260000$G52boiuu5zOGt8Qs$7b2477f1190926223f92866205dd1fed60a1bf37f0df0c56e6ec7adf27718e1b","Ann","Crawford","Unit 4987 Box 4867
DPO AA 29387"
"29","stephenbeck@yahoo.com","pbkdf2:sha256:260000$3xMDCwnbvolqahUi$2b6624c106ec8cf8a76ee1e33e4f9ac2160f8e95a9e5944a41790e2d581c6866","Leah","Bell","USNV Leonard
FPO AE 13658"
"30","belltina@gmail.com","pbkdf2:sha256:260000$a5FdrXDUwbbJpMoq$b4444e227f1c0824d474254260a7bc9b446d3d95f32816214b370513491a9c86","Linda","Russell","3830 Joel Mountains
New Joshuaport, MA 97233"
"31","johnsonjennifer@hotmail.com","pbkdf2:sha256:260000$7Xfvf5cYzjjHnrGa$320990118889b1d688cd0334b3a41b499ebeb82efe7f36f974c503884915b8ea","Katherine","Moore","948 Martin Road Apt. 982
Santosbury, IN 19315"
"32","charlotteadams@gmail.com","pbkdf2:sha256:260000$jvhOONwHxqAbFLOv$a6150a8c50ead180531d49d9e4b02e8c5d862af716fd1f0f5ff007c309225cb0","Deborah","Hampton","1064 Howell Fields Suite 621
West Kathleen, NJ 58357"
"33","joy31@hotmail.com","pbkdf2:sha256:260000$FE559VUh9uspHgH0$38dcb256da617ead2639be26581d977b5642b554cca5b5e5b32a8dbafc1880b4","Mrs.","Morgan","4279 Ann Brook
North Kylefurt, KS 95304"
"34","jocelyn03@hotmail.com","pbkdf2:sha256:260000$s876I7fBRdqfld4S$90296fa7f06930756955c0565cc6db9d91bf260195aabe77e98efd0a91c46a00","Jasmine","Graves","8410 Michael Row Suite 634
Bonillaside, SC 57507"
"35","jeffrey74@hotmail.com","pbkdf2:sha256:260000$PqPQPbyCfPgWee7g$75f8ad79d3dc4ba992ff92b5b27db91fd4db9089679bb140a16ca5599ba09af8","Christopher","Sanders","0015 Kenneth Centers
North Colleenberg, PA 22683"
"36","james18@yahoo.com","pbkdf2:sha256:260000$nPHbr4g80fqk7mwx$504c310e73d9d9b616e9fd219eb124d127e5e40706c00616882a74e71d86107b","Vincent","Moss","19356 Susan Trail Suite 850
Jesseton, MT 70897"
"37","obooth@hotmail.com","pbkdf2:sha256:260000$5CJEVStb8dqfGeeZ$2b8c3ac4716d4d25e5245869a25d8fa678a707a2c6dcae8b7d732a8ff60cae44","Stacy","Young","039 Gutierrez Lock Apt. 266
Wilcoxborough, CA 92390"
"38","patricia82@gmail.com","pbkdf2:sha256:260000$XtDvXiNtKaJpsDwp$dab332d1c37def8d484fc7f776734ae00d3be945201301f2b733198400bcb512","Jody","Anderson","USNS Williams
FPO AA 62218"
"39","guerrerofrank@yahoo.com","pbkdf2:sha256:260000$bsvQzuXLjqcVJZMK$38f28475ec0d4eaba734a6867e58984b91acc1e78bf17c6459216184ea2d9e69","Christine","Coleman","65545 Jaime Run
Danielleburgh, OH 21345"
"40","qvalenzuela@yahoo.com","pbkdf2:sha256:260000$hm2cveKxyLxVlkgY$6a81988e5cab668e0865db28dddd6e85146fc2d69ca11e077daf8a0ccf5d8c7b","Robert","Cuevas","3881 Gonzales Creek
South Alyssahaven, RI 74268"
"41","lewisregina@yahoo.com","pbkdf2:sha256:260000$ma99bsnrDvEmFx4i$7658cb4219467cbe595fe1c392421b2506f7550c833ff9345887ded312e6adc9","Patricia","Brown","227 Stephanie Extension Apt. 148
New Melissa, NM 16412"
"42","connerchristine@gmail.com","pbkdf2:sha256:260000$DeNfElpZAkNYf0qD$75b2449143f33e9dff6d7ed5a108474872d5fd7222002c29871069ed38277ca9","Paul","Foster","716 Mcdonald Burgs Suite 071
Port Lori, ME 80037"
"43","mejialisa@gmail.com","pbkdf2:sha256:260000$A2uVMYO1Aghpbqbk$aa8c63b57d7e221d373dd8da7270b040166f909186f9e0379e9027f567bd4950","Theresa","Gomez","4380 Jones Run
New Jacobfort, TN 26620"
"44","kluna@gmail.com","pbkdf2:sha256:260000$isOD08tsEcO8oSOQ$14dd6cbfae2f76e984b79f19f5555bb8d0274183f3af8f58837028f6bc6d227f","Christopher","Robinson","5542 Barbara Mall
Brianfurt, DE 99692"
"45","dylanmartinez@hotmail.com","pbkdf2:sha256:260000$oNkXblem51selG9f$75b9ecd3583a84aea8afb8f2b9d63741f4a61bbd14454304d8416123500cbe72","Christina","MD","74389 Chris Union Apt. 564
Sarahville, DC 61263"
"46","powersscott@hotmail.com","pbkdf2:sha256:260000$bsiOtoVMJs6WCIpI$9c095807f8d88a0499d3d2b557a892958a92b2d19df85ce8a74f22a1890e6d7a","Stephanie","Cordova","Unit 5470 Box 5535
DPO AP 47953"
"47","tricia79@hotmail.com","pbkdf2:sha256:260000$Z1yQy5Nw5I3607vj$0f8db865ef4f89d04f2715fe8a3738e6f585a0ae422e3992b39f9f0c48cc4a93","Denise","David","23312 Bob Points
New Marychester, SD 59471"
"48","jennaarnold@yahoo.com","pbkdf2:sha256:260000$gDT4QwQ4rDlq1CHM$50fbfd74fa51abd5b7b3e8d1b76491de04a223da6217a47c2a13bf3307c76b5b","Brian","Wade","28045 Ward Lights
Grantport, NJ 06309"
"49","singhjohn@hotmail.com","pbkdf2:sha256:260000$gaWVsvRF3PkFNsjl$63ce6e08d54cb7091eb40efeb1134c871a454840080e5dc9b7404f67b6e6b394","Adam","Coffey","0831 Anthony Street Suite 239
Fernandezchester, NV 34901"
"50","laura45@gmail.com","pbkdf2:sha256:260000$jHXqr2oXrGeneCXs$a3bbe9f4bb1cf599f6335f511b0c4d25652b418132c35f9ae46d9cce662a8cd9","Kathy","Bradshaw","Unit 3297 Box 9693
DPO AE 48417"
"51","rward@yahoo.com","pbkdf2:sha256:260000$PxbKzBLXPDzJUoaR$320eed24f95212b9e3f1ddb05598a0c01cd02bcf816e6a6d29b1c4bb0b2dc4d3","Jacqueline","Roy","96654 Kelly Parks
Randybury, NH 26983"
"52","jasonday@yahoo.com","pbkdf2:sha256:260000$9pT4NOvZsXw5AV6u$8f19b0beacbbf771d773a045d357d0b5c43fa27e93e7790acc9fd46654f6a55a","Steve","Matthews","53691 Clark Course
Lake Kariberg, IA 86650"
"53","jennifergarcia@yahoo.com","pbkdf2:sha256:260000$ew68BlrERCQFHonP$830e9f15a60d378bfb63600f94ca867010e876259acf9a68fbd12c559b30ca09","Elizabeth","Duncan","USCGC Green
FPO AA 25485"
"54","angelahall@hotmail.com","pbkdf2:sha256:260000$bknHQb3ezlMPdcBh$42c829031155339bf7d8aae45cbae503d27abb9c868d30053163f420b44f3496","Steven","Reyes","871 David Spurs
Jonesbury, WV 16024"
"55","kristinperry@yahoo.com","pbkdf2:sha256:260000$r1Hr4FlLIU4BaTna$852a8511c5e85c17001efb83c712be0ed49d5aff333dd031668b344556100a38","Jennifer","Marshall","47990 Austin Ridges Apt. 256
New Kelly, NM 32845"
"56","joshua55@gmail.com","pbkdf2:sha256:260000$raMCkT8g4fAjCXw5$b8decd3b37d766ad0cbd63398b0f5a43588a799b1b28c2a5c796a4bb45897bf5","Allison","Gomez","122 Perry Plain
Jenniferstad, NY 97453"
"57","murphyelizabeth@yahoo.com","pbkdf2:sha256:260000$bKpCYeSm9j1vOIk7$b6117333db3a285781ffba4d0ff1be39dc113025eb60384fc45ed43ba1f0e2a3","Corey","Turner","83999 Kimberly Tunnel Apt. 342
South Jesse, IN 52392"
"58","douglastrevor@yahoo.com","pbkdf2:sha256:260000$YymgM3wRVBNsXVv0$d9ad2ee8dfc7171538af3f3325c3b264db4d3bc3ba19e2f8b7dfc97268f36239","Christian","Smith","9143 Ford Mills Apt. 751
Deborahborough, DC 87692"
"59","ggreen@hotmail.com","pbkdf2:sha256:260000$jFmIp1kR83tSEMWa$2866f86fdc22c571f1d7f6a6d6c418e09bea0aeb452637dbc42d620101fbdab1","Amy","Hopkins","838 Ann Hills Apt. 225
North Justinchester, KS 69953"
"60","sydneywagner@yahoo.com","pbkdf2:sha256:260000$DZELwYFubImqMytF$7ccfdec9014a8107de9edceaab2ec7fe08a22e5441a4d4c543ee0d2513c54511","Adam","Burns","9906 Leslie Manors Suite 325
Mckayside, LA 93628"
"61","alexander01@yahoo.com","pbkdf2:sha256:260000$R0Z9RvRNPTsgkKO1$2bef36661d92f59fb1031fa79a3a4fe9863163c96ed490aaa7606ef6c5d9715e","Tracey","Bartlett","016 Robert Vista
Andrewsport, MS 01233"
"62","patrick19@yahoo.com","pbkdf2:sha256:260000$lyEobGqslY7H8eAl$4b6894b1b1420e9003006a7f5a96a22a1997d036c04f6b3b418dc17dc227ff63","Tracy","Johnson","714 Howard Walk Suite 656
Adrianmouth, IL 12621"
"63","wmooney@hotmail.com","pbkdf2:sha256:260000$9Pcb3wlUxiaKTf0b$aa5e8b982b9b214c8b1a5ce0e2aca67ae3cb9c65bdeeae4a958f2cb7860a769b","John","Perry","Unit 6806 Box 8505
DPO AE 78079"
"64","iwood@gmail.com","pbkdf2:sha256:260000$EhcBRplDeOxHWHCA$df4338f032fe47258e75e5353366e0955091b789b905e99d8dcaeff53ea02a62","Sharon","Tucker","548 Erin Valleys Apt. 214
Lake Rachaelbury, NY 47153"
"65","bob92@yahoo.com","pbkdf2:sha256:260000$8A9uIiy50s5t1NvR$af70e0115a82ea50702aba3cb7367318e20c133ef4283820aab44764846911bb","Darrell","Rodriguez","3658 Nathan Junction Suite 376
Russellfort, GA 63444"
"66","lbrown@hotmail.com","pbkdf2:sha256:260000$3pb8GScFa0QykAIL$e9e5de87aa34c62590aac6c076925ffda321121aee1eef85197137ce5dad6d44","Taylor","King","60234 Elizabeth Brooks
Grayfort, KY 90855"
"67","sandrafowler@yahoo.com","pbkdf2:sha256:260000$IcnHf33NPEUf3GhQ$b1c2e5e87d5bdc78d921a11cdcd016dd262b95d5f07e0255f5a8b02dd2d89d9d","Robert","Gonzales","87421 Katherine Viaduct
East David, NM 82215"
"68","santananicole@gmail.com","pbkdf2:sha256:260000$s9hogVWqmepUVKyl$090218444463870fff9537709e1909ddedd6d20e757d7e1a04d67d2a2ce3bfb3","Stephanie","Meza","1113 Kristin Road Suite 599
Johnsonfort, MO 38483"
"69","fphillips@yahoo.com","pbkdf2:sha256:260000$WVNGu09lJgD3lmIz$31daf391bf0a023cbe057a30389719658e4c60130724df0ecd4955f5e5f5c3ff","Michael","Livingston","9728 Tina Causeway Suite 933
Lake Austin, MS 44659"
"70","ethantucker@gmail.com","pbkdf2:sha256:260000$ABOg07oCpGXiHoTs$ee7e10665f799081c77d384be1ba50b915d1c97f3d46bf22f1813923d31952ef","Cory","Bowman","351 Mary Drives Apt. 487
Seanborough, IL 18198"
"71","denisepeterson@hotmail.com","pbkdf2:sha256:260000$BalvMx0eSYwydqmR$606def4169bfc2d3c6956544af03d77251dfb7cbbd9f01d59be4c8910a3f8677","Denise","Burch","USNV Mack
FPO AA 65085"
"72","barrettronald@yahoo.com","pbkdf2:sha256:260000$dPCfewToxRMiKxZ8$41c792e0ebc9679ef0625a8b88394c04137a3a909ac15fe44d449a0b0042db7c","John","Benjamin","45650 Christian Canyon
Michelleberg, AR 40112"
"73","lmiller@gmail.com","pbkdf2:sha256:260000$IqmlZpM4KaSn4icm$28bcc9be72f4de64e09db3576ac7cff6ce874fe4253b0161f9f0d82a023937bc","Michael","Robinson","85010 Evans Camp Apt. 155
Georgechester, ID 85744"
"74","andersoncarl@gmail.com","pbkdf2:sha256:260000$PkITn5HZGK1AMbMy$f56524f04e08d11174019b89f77d3f7e57525f47abe227b344a6747e7492398f","Ryan","Kline","69407 James Stream
Port Jesustown, NV 35136"
"75","allenthompson@yahoo.com","pbkdf2:sha256:260000$sRnhBWZDPCdnJ2Uv$6fb9653a5bbcc035d16c50857eb5f00adf191931f199476f0f3581431b0ed12b","Shannon","Smith","3605 Whitney Shoals Suite 996
Mariashire, SC 23284"
"76","lauragalvan@yahoo.com","pbkdf2:sha256:260000$YnDSkK5gu5Zs5emb$d25563c4bd911be0b52763f44e4211de5994a2220e1e4e648a394978dbde32a1","Stephanie","Brown","1704 Shelley Forge Apt. 511
Tracyport, WY 98738"
"77","tyler75@hotmail.com","pbkdf2:sha256:260000$LurEOKwJGjSRjFfr$c1080395d3a152b692e1f13f16786b7076e887a17e56faf885cda05692b1d77e","Alexis","Phillips","36719 Massey Brooks
East Kathy, MT 74039"
"78","stewartadam@gmail.com","pbkdf2:sha256:260000$omGpVANSoUEPIkkQ$23e7d28333836971807802d6ccc92f5a0c1e61deddd0681d9948fbbd4206fef2","Julie","Parker","9761 Jonathan Squares
East Carly, AZ 07369"
"79","smithdavid@gmail.com","pbkdf2:sha256:260000$TZD6BL4TbOn2byB7$f260bd08f11b3dc97b8fc569ddbabbf0ae2639f11346149bbbfea81d8c8d137c","Frederick","Waters","33791 Michele Pass Suite 279
Johnville, NM 66572"
"80","timosborne@hotmail.com","pbkdf2:sha256:260000$ouRE3pDbAxDUO6eL$818f0fc11e893d7deda0a25b45b102e20d315ade52b68d18ee2b71cebe190b8e","Samantha","Taylor","57072 Tricia Ridges Suite 750
East Briannatown, MT 36095"
"81","lisamcdaniel@yahoo.com","pbkdf2:sha256:260000$jLO0OOnDefxTa6t3$c61a0accaf6a619335a263530febc667f3c41037ee337b1bd32d5803ed68a50d","Patrick","Bryan","132 Joseph Mountains
Debraberg, MI 92555"
"82","lori81@yahoo.com","pbkdf2:sha256:260000$SYuWLg6K5ylQsH4z$346ea7020c4f5c046f61303b5a99e2e95643fd114865d7394e46b6dd4650438e","Kyle","Griffith","87814 Frank Grove Suite 805
East Michaelville, IA 51266"
"83","kathleen88@gmail.com","pbkdf2:sha256:260000$iM18rsTBfm0kOgFl$1d32b4e2b00f5820aa8e1cdf8c4d56972d99b107114dcae682cb98e8a6af346b","Denise","Poole","7964 Joanna Alley Suite 401
Port Maxwellside, NJ 57704"
"84","madeline93@hotmail.com","pbkdf2:sha256:260000$l2Vg2BPq9rbmbmJL$fd95ad7f78227ee7c07c4ba441144c070993f41d28afc29b1e8609b01c34078b","Leonard","DVM","98978 Raymond Lane Suite 579
Paulville, DC 65708"
"85","duranalexander@yahoo.com","pbkdf2:sha256:260000$LZkFR1sI2Vym07jQ$6c4381f7f68ea6193d5e52bf880de86828e98d1cd74801fa253c435179e101a8","Sandra","Kennedy","591 Thomas Skyway
Batesfort, MD 94974"
"86","hlowe@gmail.com","pbkdf2:sha256:260000$ljtsqyzPKUJdf2WS$29a9fac6f5b76d70bf577bcab1998c32f87e3c913ddb17ea9d7599acbdd7cff1","Ricky","Oconnor","1758 Escobar Courts
East Robertfurt, AZ 08039"
"87","charlotte79@hotmail.com","pbkdf2:sha256:260000$ZrDBvdDOckeAdbyC$e49d7b58ad9eed60aa9d3e857b287dbe5ff9c9ece5f00b664892d69155282718","Brandi","Quinn","Unit 5592 Box 5497
DPO AE 68367"
"88","thomasjames@hotmail.com","pbkdf2:sha256:260000$3M8e27591pOO6lwt$ab73a605c0de7d99ddc31af836b3b14a7d34cb61ce483cc165d14934357a721a","Samuel","Garcia","511 Leslie Road Apt. 283
Warrenland, OK 67779"
"89","xallen@hotmail.com","pbkdf2:sha256:260000$QWJl2LpKFza0a1pY$6ff3be1039d7fdb4cfee926c500ce7603f7483e2dbafdb1dc8149ca7e866a950","Raymond","West","Unit 9107 Box 0020
DPO AP 63249"
"90","jharris@hotmail.com","pbkdf2:sha256:260000$RZNrVggOVmDhuULE$c14809069d7025b66dea5f0cd40f25e336ed75f1c0f5158a5f6052064d4f0c69","Karen","Daniel","PSC 7098, Box 7009
APO AE 90572"
"91","lauriegeorge@yahoo.com","pbkdf2:sha256:260000$rtBxChz3C3dEXTWn$ae3661a43b4604d48a7e21466e066c651def20bc715bcbe77c2f38af070602fa","Ryan","Morgan","1743 Ortiz Mews
South Chadborough, TN 43366"
"92","brianramos@gmail.com","pbkdf2:sha256:260000$Wu3nHYsn7jlUhlma$65365c74ac5a90eb61b26e7f9f1a5cdf9550a7a369ffa4794a748abdadac59ca","Nicole","Parker","3715 Holland Mills
East Carl, MS 63874"
"93","meghanrobinson@hotmail.com","pbkdf2:sha256:260000$qRucMrbchIANJQsM$3e5e4ed3ffbb3ad308920586a21772da2fe18ddf52e887f16d9d4e2193ef9171","Ryan","Stewart","PSC 5884, Box 6172
APO AA 79352"
"94","mallory01@gmail.com","pbkdf2:sha256:260000$3mA6CLnhS8tYaeLx$573a21a68bded97ef371e0335b76d0a0a365b1474deff7b91bf5e91dd58ad2fc","Manuel","Fletcher","7625 Boyle Place
West Mark, SD 31846"
"95","heatherjennings@gmail.com","pbkdf2:sha256:260000$1uu20McyywSWt6G8$d810729f5f2953493f6341158df295994b35158c979b0eed62e5c43af8f23877","Michael","Murray","459 Rebecca Garden Apt. 662
Lake Johnport, WA 57576"
"96","ian93@yahoo.com","pbkdf2:sha256:260000$XjjSKfqcTS5Esw08$8efefeac77689e259747d56e9c6ffc1f3cdbb076358cec79b7c5e2b9341be78e","Rebecca","Morales","402 Cox Pass
Tinachester, NV 24476"
"97","nrogers@gmail.com","pbkdf2:sha256:260000$sRExdixpox02C3nN$c75e24d92e58a046ed72b83ce83c55c7e400f9576cfa66c722cd71fd8130a26a","Kimberly","Smith","04001 Green Island Suite 629
New Mariamouth, ME 75278"
"98","chobbs@gmail.com","pbkdf2:sha256:260000$rp9hGZdgGeOMedy0$736d5e35601b796eaf15acd38e8fb16705746063147971f6ca3ab2b7fbcfbc6a","Kyle","Peterson","7334 Lee Drive
Lake Tyler, HI 20570"
"99","ukramer@hotmail.com","pbkdf2:sha256:260000$PFtDQPpTvfPDGLXr$81ff54082bb042d4cef272cb6ec54110c3abed6ff1a86229367e67ea7fe6bc25","David","Harrington","1416 Kimberly Rue Apt. 151
Nealchester, MA 65136"
