"0","tamaramorrison@hotmail.com","pbkdf2:sha256:260000$6cNiXk2VW8NqOr8m$fd18d289ff7bccdb763106a7e70c9633f26f968f2d5d9c2aa1e0349071529897","Gary","Cross","711 Golden Overpass
West Andreaville, MA 71317","0.0"
"1","martha10@hotmail.com","pbkdf2:sha256:260000$SYekH0pnm5sBbOLx$c9609a4a3818ae84d9a54f2633c653d33ea4fecb744e59567c7e205860e451fd","Denise","Thornton","30989 Anthony Roads
New Maria, MO 12498","0.0"
"2","deborah64@gmail.com","pbkdf2:sha256:260000$V83MZcazkcW363rq$d0dfb436a2f67d78c37100ce49a692bb09d3a7bf5658f234b451776a37abebc4","Jeanne","Green","22584 Candice Mills
North Thomas, OK 67164","0.0"
"3","franklinjames@yahoo.com","pbkdf2:sha256:260000$843vGiGlxqlTJyQz$1f497da2378cda167dd74397c4d091456ad93fc75936792536f59e68e3d25af7","John","Hoffman","63812 Richard Springs Suite 503
Lake Karenhaven, CT 25464","0.0"
"4","samanthasims@yahoo.com","pbkdf2:sha256:260000$vkRX2u3ohaQS8bYV$1d04a7367e997ba5eb07a32627b6adefee0e90f6b57b265d68d9098054d39fb1","Timothy","Parker","87755 Timothy Squares
Simmonsport, WA 90561","0.0"
"5","taguilar@hotmail.com","pbkdf2:sha256:260000$Vp6rVVL43kiRBZDm$3cd75057d5b6656bd2241f2dc55de1a4c737ba74210197c268b86069b35a268d","Linda","Freeman","577 Amy Forges Apt. 555
New Eddieview, WY 20935","0.0"
"6","georgedavid@yahoo.com","pbkdf2:sha256:260000$NorrKiDSdqFtLoL7$f6b78a6e27413f971e5e6924a316fcd998515dbac7a9faca9210e5b621fb340f","Sandra","Brown","256 Cheryl Lights
Williamsfort, FL 03152","0.0"
"7","chad50@yahoo.com","pbkdf2:sha256:260000$M9rnK7eSJahYS1kT$8d13b7cf8969784063d0bf35a4464ce3159cc1fa61a02a166f447ccef8bcf72d","Paula","Wilkerson","16116 Jessica Burgs Suite 660
Calhounmouth, KS 10795","0.0"
"8","jyang@hotmail.com","pbkdf2:sha256:260000$L5zHCtZ6ZcL1Inm5$4720fad89eb0ad422ba95328b29aae0ea4101775c97aebd30e0bf275de2e8e02","Willie","Garcia","332 Watson Shore Apt. 290
Millerland, MT 39742","0.0"
"9","bramirez@gmail.com","pbkdf2:sha256:260000$EW7cfekRNCL6EYsj$3aa68030ea0e014c13d5508730cdcc4f401f1266b4425e4963698ba209ba3d43","Michael","Montgomery","Unit 4892 Box 6717
DPO AE 71770","0.0"
"10","kellypeter@gmail.com","pbkdf2:sha256:260000$uBZtzOluG4eQb2Jq$0fdec82009afe06158d98812946d41f874a784fa1d6aa9a1777989f0eb7ec1af","Melissa","James","637 Neal Island Suite 074
Lake Tyler, RI 28775","0.0"
"11","tarasanders@gmail.com","pbkdf2:sha256:260000$L6F6HZ21f0MpekrQ$eb2a1786eaf7d0dcb1b252e073cc6b27e579345a77fedf488cc3a7a42cd3cd9f","Lisa","Bush","774 Lewis Grove Apt. 002
Adamtown, CA 56566","0.0"
"12","virginia18@yahoo.com","pbkdf2:sha256:260000$MxpnAuD0gbyROh81$71715c8238a4cf1bb44b43ac94c2bbad18b9a01d92d971d7e809d8f245e5f27c","Bruce","Miller","9168 Williams Falls
South Jeffrey, KY 46651","0.0"
"13","jensenanthony@hotmail.com","pbkdf2:sha256:260000$mRQZxLoqmdKEZsLq$ea3ef1b4c4189814686804893385ad37eba60f85537b6e8d88d423be7604615a","Mark","Burnett","37933 Lisa Trace
Gomezshire, SC 65835","0.0"
"14","kmalone@gmail.com","pbkdf2:sha256:260000$a3pq6n9tFnaMP7W8$4010c5b977ff49b94d49cf6f8d5bab9838271fc8692021146754325d2459ea04","Courtney","Valdez","76254 Debra Stream
Reyeschester, KS 70454","0.0"
"15","kingerin@hotmail.com","pbkdf2:sha256:260000$BZNtmHO9unRQjsSn$ac54f3b87a9222198b833d19d3b12bf6895e381816b5df181b5260143f9a0e1d","Henry","Moss","48487 Kendra Ports Suite 076
South Michaelton, KY 97488","0.0"
"16","meganbrady@gmail.com","pbkdf2:sha256:260000$kiVA23dvhdRMiUJ4$48d347c373a27c2b8efcab23a2dad1699c62608ab6b1daa2acda9c7bce5e53a0","Amy","Fowler","4440 Osborne Viaduct Suite 488
Veronicaborough, WY 57084","0.0"
"17","kgomez@gmail.com","pbkdf2:sha256:260000$97PqeLTqXhJNhTp8$375494a3316c206186c5cecdfbaae1d4abebe6cdf69752b8099935750ba57ad4","Tammy","Reilly","514 Travis Track Suite 366
Rowefurt, AZ 76875","0.0"
"18","thomaspeters@hotmail.com","pbkdf2:sha256:260000$90kHrXE0Mepwtfhy$785f278a3abb4ceeb30cf4450405849c153a82d703926f773757b3284c5a006e","Robin","Harris","78209 Darlene Bypass Suite 137
Port Stephen, VT 44235","0.0"
"19","susan06@yahoo.com","pbkdf2:sha256:260000$lDUAZQ5DNZwsdD3m$627d4ff66d3bb075b6a123efd775be222c387fbd1a7094735afac777ece0234f","Jared","Vaughn","1086 Johnson Path Apt. 155
South Tammyberg, NC 82490","0.0"
"20","william86@gmail.com","pbkdf2:sha256:260000$04ltV4fedgTioHF0$a4ccfd818050abb81bdb24252c40a8b2acb084b51f480a36a1cdb8cbeaed495a","Lauren","Mcdaniel","01992 Emily Light
South Samuelmouth, IA 18566","0.0"
"21","michaelanderson@hotmail.com","pbkdf2:sha256:260000$szTasTQoGGWx6BYr$1f5d89889dd2c9e3ad2c52d404a3e386e817ec39e3d3ffe622628ef36121ad64","Brian","Richardson","42954 Walters Highway
Johnsonchester, MS 95905","0.0"
"22","deleonwilliam@gmail.com","pbkdf2:sha256:260000$6lhis6eS1ZHanjGo$27a82bebabefa1faa43986b391b56c3508e06c3e0ea5747b7a76743b0fe64c97","Maria","Harris","01575 Erica Land
Elizabethbury, OH 72804","0.0"
"23","joshua07@yahoo.com","pbkdf2:sha256:260000$qLRbEbjxqJSIdgU2$03161c00ad4b28ba1017d7b47f5cd358fcb856ba808fee5a60aafd3327d354f5","Heather","Davis","68971 Hansen Well
Moniquetown, IN 65740","0.0"
"24","leonardsutton@gmail.com","pbkdf2:sha256:260000$yOThVxBTHbcWYAS9$8434d8079a5a4bf536b34d4c435bf441d3a28e1baae3dd1ae2e8e5accab0e5ac","Patrick","Spears","Unit 7879 Box 9368
DPO AA 64290","0.0"
"25","hromero@hotmail.com","pbkdf2:sha256:260000$NpRGHtKZkMeXSHqc$9b820bbc2752f766801628f5248457bdea58b377224914dd4eff039a044cd792","Debra","Aguilar","1140 Christine Shoals
South Jamie, MD 26932","0.0"
"26","angela30@gmail.com","pbkdf2:sha256:260000$2WqZc73Vp3wBmMRB$b1c89b6d39d5d60848c8bcc2652bb8e5577151f744401deb5aa4a0f9245ac4dd","Cody","Crawford","835 April Plains Suite 297
New Scott, NM 79664","0.0"
"27","ygraham@hotmail.com","pbkdf2:sha256:260000$3vyMTbwO3YnytSoK$2ea818d637253dbe761d6cea9452152991d2ab243c073df8636e670e87ba2610","Cynthia","Faulkner","1974 Patrick Summit Suite 394
North Ericshire, NM 08797","0.0"
"28","millerlori@yahoo.com","pbkdf2:sha256:260000$aeAau9GjHtcCqPsQ$8c5fe64b2ec2a087fb9570a68b9d1659474b92ce3e601a52a8b09214dbd4ce84","Kelly","Casey","3975 Joseph Keys
East Steven, DC 36784","0.0"
"29","pmartinez@yahoo.com","pbkdf2:sha256:260000$FklZ85RbqPjs6Lry$f28b0f8787367441e296fa5de4d15e9f5724dbc10059111128e2981387366495","Thomas","Patel","76031 Garcia Falls
South Alexis, MN 69377","0.0"
"30","stafforderic@gmail.com","pbkdf2:sha256:260000$mrCq5widwNTIC30s$b64f66a409d1dd6c0bbd6b7506ea788e59baaedc7c7acaaa4fbb5e839bd8206b","Johnny","Martinez","PSC 0367, Box 4656
APO AA 95684","0.0"
"31","smithsabrina@gmail.com","pbkdf2:sha256:260000$iFhiw8eLFiKk65d6$3572cb94e11d20da39853c0d7ee9963cc20d72a8a5895c0ecf1465fee2c87bf3","David","Turner","39140 Sheila Ferry
Lake Michael, KY 01682","0.0"
"32","rmiranda@hotmail.com","pbkdf2:sha256:260000$sJgwYQbYJiKgREWp$159c8864941871d632d1c7a2f1206c771bafb17d2a811df298e75bc7957ccc3c","Evelyn","Hendricks","7954 Stephen Throughway Apt. 184
Franklinchester, GA 80124","0.0"
"33","millersamuel@yahoo.com","pbkdf2:sha256:260000$C5jwPhbOadSoKn60$c2d4aac6cfbda35a4cf5bf585c6c8e6faeec195a82aff6210d4b53b7595707da","Paula","Walter","0525 Christopher Fords
Shannonfort, ND 69503","0.0"
"34","cherylstewart@yahoo.com","pbkdf2:sha256:260000$T0w2wrj05gJF6nX7$151961247cba66332b343c6e711ef7876aec3957022e09036cb2ab351d444cba","Derrick","Webb","520 Fox Expressway Suite 497
North Jasmine, PA 88434","0.0"
"35","santanajimmy@gmail.com","pbkdf2:sha256:260000$tQC55D2NSEOHK2Y7$17deebabea6d674e35c21dd4c02a9e4d84ee00ab93cbcac9c591c89e934831eb","Patrick","Graves","49874 Farrell Orchard Suite 311
New Veronicashire, MA 96567","0.0"
"36","stephenbeck@yahoo.com","pbkdf2:sha256:260000$cvULhHPN9PMgGnyq$79b095e3f882347a815505bb072c0915f447b1c586212f8c981b94d8d4ce528d","Leah","Bell","94930 Madison Streets Apt. 622
Ryanhaven, IN 88294","0.0"
"37","palmercassandra@hotmail.com","pbkdf2:sha256:260000$tJQ9IHSyIZn4z1fc$3a385fc68618b4f60499421e4189a80f36eee3650a7483d19b0fb6f575c6772c","Dalton","Fritz","33319 Russell Village
New James, CO 25596","0.0"
"38","alisongreer@yahoo.com","pbkdf2:sha256:260000$Tq3ZB6Bhx7epvjbQ$7d5df979a28aa0927d71ac843552fd9e89be5d66b13f94b4c4b2f9f58366979c","Madeline","Stevenson","3348 Curtis Street
Fosterberg, CA 38222","0.0"
"39","jasondavis@hotmail.com","pbkdf2:sha256:260000$5RWD5EXy3IVLN152$fbb4460f47beecb246eccca7dfb44a0060460ae7589c6b525e489cbf99a7ebb1","Valerie","Charles","496 Jeanette Divide Suite 055
Danafurt, AK 39361","0.0"
"40","markchan@gmail.com","pbkdf2:sha256:260000$tD6j2dPpVKYo8BQG$bf134af363d879ccbcef5e4a8518652f50bb63bc03d9428d0bb5d7fece61055c","James","Scott","742 Jared Green
Lake Anthonyport, RI 94947","0.0"
"41","castroallen@gmail.com","pbkdf2:sha256:260000$ziBmnnfmIbJyCnit$9f83928b3acd03e9f1f090b1230b8e2b2f527ec1558397eeadcb19f7a7966c9f","Jennifer","Garcia","18940 Samantha Creek Apt. 722
Scottburgh, VT 75335","0.0"
"42","caleb01@yahoo.com","pbkdf2:sha256:260000$xzmdpbfnkj376KNL$0bd5104cec0dd5d37c678ed982ef403dc5b524ac256e4e3e02231d75e115c6ea","Keith","Jones","431 Johnson Neck Suite 039
Mariechester, VT 67849","0.0"
"43","guerrerothomas@hotmail.com","pbkdf2:sha256:260000$gzyxHvWKrIwYd76V$1c8190804737a1feb2b62239390af8537e70f6e9c49c761f321f5dc4aa519e95","Lori","Moore","20866 Keith Mill
Susanton, NJ 21190","0.0"
"44","allison58@hotmail.com","pbkdf2:sha256:260000$qQmtECPqB2LafIOX$ba3f044f799f07894625d86390253f250609e79c8ecb2b34ece0588786f60ddd","Ariel","Freeman","125 Dixon Common
Lake Natashabury, VA 50064","0.0"
"45","jeremy24@yahoo.com","pbkdf2:sha256:260000$hVOqA1RRBWuSpFWs$1c0e0cb4479aecd2226c0f63fd1e5e212ebd27279e1c5f97f9075bd591b05ff1","Randy","Bernard","0684 Samantha Cape
Jennifermouth, MT 01521","0.0"
"46","johnny46@hotmail.com","pbkdf2:sha256:260000$ArTAc87o2fNhrioy$f395c95addedb1e13d2ff672b2f07face71e2d9edc2d9eefe4000d2f72efebac","Timothy","Kerr","2648 Flores Stream
Henryville, PA 41804","0.0"
"47","james07@yahoo.com","pbkdf2:sha256:260000$pSposm6Yo4XSk96h$4ad09b7eace34e35150bd2f60ee414bf81276d3ec4467df7c90e36a584e01a4c","William","Crawford","5830 Nielsen Greens Suite 891
Patriciahaven, FL 08869","0.0"
"48","marquezpaula@hotmail.com","pbkdf2:sha256:260000$fmTC6v3XqVBXJzbd$33d7c850c043e6426e5a32614a0bffae239d53c7094592192257901c7bf82fe2","Jonathan","Davis","45116 Blake Inlet Suite 034
East Melanie, NJ 32055","0.0"
"49","josephmason@hotmail.com","pbkdf2:sha256:260000$GdVvpkpJbK7tZVoo$d45c21b47772fb4484319fc4c84c5fa0da75b487a55693a56d288cea1117a335","Kathryn","Noble","15233 Keller Wall Suite 978
Kimtown, TX 81993","0.0"
"50","richard56@yahoo.com","pbkdf2:sha256:260000$Oarobwn0rkYNFU9F$5699f9019f65053572a412ab9bfdf10ebece1d9b301af896e8977f8bdf8bb9c0","Daniel","Cortez","31925 Ware Trail Suite 586
Riveraview, ME 58653","0.0"
"51","fosterbryan@yahoo.com","pbkdf2:sha256:260000$5W8jCEfhbXzZYagp$09e7e158ac92c81da6566a76fa7ab471a768b679fa00f85c9e87dc1596740c94","Kenneth","Boyd","61322 Hill Springs
Garymouth, CT 99406","0.0"
"52","anthonyvincent@yahoo.com","pbkdf2:sha256:260000$xjBtmRVM22RVTMij$7e0299de5d7c89594c5ab6d858ba92a25c83b5205f692233b4486f3189ce7fb1","Renee","Moore","5285 Lisa Course
North James, VT 86261","0.0"
"53","sawyersamuel@yahoo.com","pbkdf2:sha256:260000$Q8Dp9j8Guem9rkgN$d769b44067d2ef925e311bbc0df52435a94210cf8911d3a04eb66bc7afb53c26","Alyssa","Farley","938 Jason Summit
Gallowayville, GA 21419","0.0"
"54","gstone@yahoo.com","pbkdf2:sha256:260000$DQWsaEoxdNY7rxKW$98db996aa84a0764981b44cc3824ed022448be9dc818e93854ac6fec6d5aa949","Alexis","Williams","810 Ralph Via
Georgefurt, TN 42292","0.0"
"55","kevinflores@gmail.com","pbkdf2:sha256:260000$XXW10qWN7pyWCJd6$23a6c2a19a121831393574d7d5db8d266aa5da01a6a9843eb61cc31020561fce","Jasmine","Castro","983 William Oval
New Jessica, DE 20592","0.0"
"56","gordon43@hotmail.com","pbkdf2:sha256:260000$xVT7sXDjKsz1GYO1$2f12c74e08f46443288b7e49ac70362800fe009d6d24e0e99b00173271c7a609","Joseph","Williams","411 Craig Knoll
East Lauren, VA 97386","0.0"
"57","kennethwashington@gmail.com","pbkdf2:sha256:260000$77n7c5bqrk8AzSRE$f54a8571f5a8d94de77a7fbef3de6a9f513260c4917a4b6f287e7c260c15fbb0","Jennifer","Marsh","41694 Ashlee Lodge Suite 853
East Denise, DE 70663","0.0"
"58","hamiltonchristopher@gmail.com","pbkdf2:sha256:260000$vXCIzfyEKlxM9K0j$89ec55be501da04a3acb00641114c0a7a058bbc170c9919fe0a0ec18d458d845","Anne","Michael","535 Rowland Stravenue Suite 306
Richardtown, DE 41691","0.0"
"59","nsmith@hotmail.com","pbkdf2:sha256:260000$sUW9mDt1N09j7q1Q$bd3d8992674b17a8671ce583d9c044a1f58a46a4aea3501073aa514991d901c5","Joshua","Duke","23312 Bob Points
New Marychester, SD 59471","0.0"
"60","jennaarnold@yahoo.com","pbkdf2:sha256:260000$0eVoYJSKRNGe7Vqp$89ac65063992646bb9463843335ce8885a92845f2977b8b41f7266e13204dec2","Susan","Turner","5099 Rodriguez Square Apt. 267
Lisaview, TX 98607","0.0"
"61","scottzimmerman@hotmail.com","pbkdf2:sha256:260000$9EFoRuQnL6FUCJma$2aa8192d75a68ddd59f846b085132df59ea6cfae02bce6ed94e14c55fce1bc3f","Julie","Dominguez","46894 Matthew Prairie
Josephbury, WA 68649","0.0"
"62","bonnie89@gmail.com","pbkdf2:sha256:260000$LQv04KVhzGsegXeb$d386dc89f7ab4df352369cf01c52d25c19c1b26034c3f01b566394b84f48b8cd","Dwayne","Osborne","1955 Robert Lake Suite 238
New Dennis, NY 15122","0.0"
"63","cindy30@gmail.com","pbkdf2:sha256:260000$NM11cvnPZCP2mcUn$1ad7b8b5cf3ea9951050cb306628c488b2d65b126805fec533603c2fa74af93a","Antonio","Thompson","24075 Lin Pass Apt. 490
Dominguezview, MN 02536","0.0"
"64","qhenderson@gmail.com","pbkdf2:sha256:260000$7I37hJ6R5WZAyjay$094cea1143869bd2f34001a03f7f82b27fecfde58b0cc1a0c11a9ed982d52b7f","Yolanda","King","64598 Jefferson Point Apt. 056
Nortonshire, IN 16140","0.0"
"65","nancyturner@hotmail.com","pbkdf2:sha256:260000$YngQeQEUr70Jcblr$7c23aa30454f539a6aa7cea53cc7e8375e84b20a5211c86fed51f42d3015f329","Richard","Woodward","8379 Ashlee Port Apt. 461
North Markville, LA 13324","0.0"
"66","bradley51@hotmail.com","pbkdf2:sha256:260000$1cdkVHGj2XZQuewO$d7bae6e1d0bb5f596224961cd158ccd41c4a3eb222117757fda659a9fab6c5d4","Jeremy","Costa","60980 Brian Road Suite 750
Rodriguezview, WA 06223","0.0"
"67","matthewpetersen@hotmail.com","pbkdf2:sha256:260000$g6albPWGvpTcCN9i$921af99db3f9f4b4c2061008208df54c52ddfe059349128f989e55439c83305e","Robert","Dunn","46977 Rivera Route
Port Caleb, ND 66244","0.0"
"68","uhill@hotmail.com","pbkdf2:sha256:260000$xbCcz7wzxm1cVxD7$6831402958bbc5bd3b9206998540c482358d887e03571da08a45ad3e2c95c9ef","Tonya","Andersen","473 Joseph River
East Dennis, VT 04136","0.0"
"69","lisa79@yahoo.com","pbkdf2:sha256:260000$01yyhnbtuSOe66lf$6f05263a9921f735f028d91371b1b00867913b1e6b650ce1e532273f1c23126b","Stephen","Bernard","2082 Russell Station Apt. 498
North Jerryshire, TN 99461","0.0"
"70","richardsonjerry@yahoo.com","pbkdf2:sha256:260000$okkPkpC8KRVi1rNp$bd7469494cdcfe737973c96ed568ecf27e4eb909e605d8532229167463a85dd5","Amanda","Gonzalez","2039 Wall Mission Suite 006
Piercetown, GA 89103","0.0"
"71","jmcmahon@gmail.com","pbkdf2:sha256:260000$u5exLDo0qoBuLKja$d4b4eb3755347c2d5b6f37d36800a3f77133bd760f02587ac082bf511038b1ea","Jimmy","Walker","4101 Savage Park
South Lorraine, VA 53629","0.0"
"72","wrightkaylee@hotmail.com","pbkdf2:sha256:260000$15lzroeny1QgI3vf$ee59ce75395f828c611fb8d702db55304980845f00fe6eb0e04dccc22f2f82c6","Austin","Holland","08987 Ramirez Avenue
Bellchester, UT 04795","0.0"
"73","danielbernard@gmail.com","pbkdf2:sha256:260000$Fn5aj8JBhWgDhiWr$1c389948625edc73e239a62028f45c2adce94f7d6fbb48c3a575009c27b0488a","Molly","Fuller","848 Eric Knoll
North Justinchester, KS 69953","0.0"
"74","wbrown@gmail.com","pbkdf2:sha256:260000$pHalXNIifZTpFE0P$5ce0decefaf28f623176af01b69a1b03228b754bd0100b4976646316c8209f13","Doris","Kaiser","16581 Gregory River
Port Angela, VT 66142","0.0"
"75","ofernandez@yahoo.com","pbkdf2:sha256:260000$aDnCv8vk9cLpcOBf$fd6e0c95281ecc81681bfee008c9bc67dd7327eb789b9344110023919e886058","Tyler","Curtis","57654 Ponce Meadow
South Erica, NH 18794","0.0"
"76","conradthomas@yahoo.com","pbkdf2:sha256:260000$2OW46OiDfsJA9bnk$627b89583a450bb81935600a9648ca1ee2440b13ec484c6e43a01e3e6a6d512a","Angela","Tucker","62799 Armstrong Avenue Apt. 932
South Tonya, ID 01948","0.0"
"77","savannahsoto@hotmail.com","pbkdf2:sha256:260000$02QMzgsWLmiDyjA6$59f5343c722eb31100b808a7a0192423bf582968e8057d9e9c1e43ed31298ec8","Robert","Gould","5565 Powers Avenue Apt. 753
West Alexanderchester, OR 56221","0.0"
"78","debra49@yahoo.com","pbkdf2:sha256:260000$HbrJ8XDqjZnOuMne$569dd555c7561fbdb346b43d992ec75366cce61e8f3fffc882b4894a7533708a","Cody","Morris","46670 Orozco Walks Suite 505
Diazmouth, CA 12755","0.0"
"79","edward63@gmail.com","pbkdf2:sha256:260000$QWsE3wk0k2Fht9M7$cad1d79e4e73cab42d45711e4b861f466eac99fc69dd47c0226442d2ff33c1ae","Valerie","Jacobs","2337 Tina Trafficway
Lisaborough, OK 94452","0.0"
"80","deborah77@gmail.com","pbkdf2:sha256:260000$oyIFbjsgJEl6LDuA$0a44935214d0c556a312f56bd865eeb468178c3f1a97f6df114bf98d69d09c20","Deanna","Holt","189 Johnson Flats Suite 066
North Tiffany, MA 54902","0.0"
"81","opoole@hotmail.com","pbkdf2:sha256:260000$qFpyY3cxoznTLqwC$f6557f51a08b0b99dfeccebf80107a13b3f06d844fac94374ecffff360fc45ee","Larry","Palmer","58718 Camacho Cove Suite 092
Elizabethburgh, NJ 29866","0.0"
"82","dwells@hotmail.com","pbkdf2:sha256:260000$DAMUiJQVOLLuUruf$b28292896f7e817521a3bb363bb8eae9ebfdac2c7b2040487d66ead8efb261ac","Kristina","Higgins","824 Roberson Port Apt. 542
Martinborough, DC 98148","0.0"
"83","qstephenson@hotmail.com","pbkdf2:sha256:260000$l6KqhvQYmxdWhDGI$040a42df34354deb9117cf75819877c9139f369b9edc6f7ccb0e26e141bf4efc","Shawn","Matthews","46432 Gina Route
West Johnny, CT 19932","0.0"
"84","jeffreysmith@gmail.com","pbkdf2:sha256:260000$mJ1lCFaLLS4fufTP$ddb57a7d81378ff4369f5ed49d7db37a196825929117f05dd1d881e97a107945","Samantha","Parrish","USCGC Blackburn
FPO AA 75632","0.0"
"85","marydaniel@yahoo.com","pbkdf2:sha256:260000$U4ukfrb8a3qHtyVE$657dd9152f0ecf56031851137adeb3d1f77020bfcd2cc8aedcf80ce792f647d9","Tonya","Jacobs","Unit 6430 Box 0927
DPO AP 20036","0.0"
"86","jerrybrooks@hotmail.com","pbkdf2:sha256:260000$ZYBVzNHlTQpHLP8q$3dc4e5f2abba2894da28708a00ce96d9625580b06f136ae37b84e72ddc40ce52","John","Beck","304 Paul Mall
Douglasfurt, DC 54863","0.0"
"87","mcbridemary@gmail.com","pbkdf2:sha256:260000$aYSI1k2mzJdvnzvc$d200c282e8fdb5b37b8956860e6e5a402cdeec2858f763155bebabcf665b1ccb","Laurie","Underwood","229 Case Shoal Suite 948
Lake Jennifer, TX 47367","0.0"
"88","ycolon@yahoo.com","pbkdf2:sha256:260000$DQrbKlOnhSh0VHW3$81b2d1c400b7bb1630c433672552c3c33ea76702063bda8d10c7a3fcde5f096c","Linda","Orozco","Unit 4616 Box 6533
DPO AE 79485","0.0"
"89","michael74@yahoo.com","pbkdf2:sha256:260000$h5kWiH8zIWYZP10Z$823b9d7617081d51a6edeff72e09ff6f95ea6788cb0b7103e3d3888c613dfc74","Kimberly","Park","1123 Ferguson Circle Suite 287
North John, PA 04644","0.0"
"90","dillonwest@yahoo.com","pbkdf2:sha256:260000$VWD7pweqLmCTgzRs$2799e1833d155d291a5b67fe3f8c8af0d7e36b0e23201f938477e68bb49ec2da","Cynthia","Lyons","9204 Ware Rapid
Lake Zachary, OH 28651","0.0"
"91","sarabender@hotmail.com","pbkdf2:sha256:260000$ol3PT4N9kAJnqHsK$5715ebaabfec56ae903ef95ff45519e007e9584bb3a29ddb61f07bf07ba2bad7","Daniel","Hall","USNS Cisneros
FPO AP 07096","0.0"
"92","jeremy83@hotmail.com","pbkdf2:sha256:260000$lewG39C6FuafNbDQ$a417da4460848f00ffc8bb77d8dd1388d2b2ae9538a0048e1bb1b1520fc08d80","Spencer","Duncan","1604 Perry Island Suite 400
Cortezville, AZ 28041","0.0"
"93","jonathan73@yahoo.com","pbkdf2:sha256:260000$mMK7sMrKy0peujVR$8cceeac20cb426deb5383d1b18cda0f3e5a36b105dd2b5f1db04fc1f1aacacd5","Cheryl","Acosta","9928 Leach Cove Apt. 182
Mooreton, IL 16060","0.0"
"94","alexandramitchell@gmail.com","pbkdf2:sha256:260000$RINFtKUvKLvQAfHa$f6eee594108ba5ad32a0ec8c469642e01397a3b3078f0cab5136cc6759e2d203","Matthew","DDS","2898 Scott Shoal
West Ryanchester, AL 65745","0.0"
"95","mathew17@hotmail.com","pbkdf2:sha256:260000$tE86cOyuqCzVIeyG$5caba96e8196589459fef1018da39a5d9b0161b714bdd2e4f3474adf4dcf583b","Angela","Peterson","134 Garrett Curve
Sarahview, AL 31826","0.0"
"96","pgriffin@yahoo.com","pbkdf2:sha256:260000$GmijRoLzHSOCpdC4$805a8d628380b76ed5e798e8b858efb860912a89fa76ff9a0397f11a9c403c49","Adrienne","Friedman","09420 Ramos Walks Apt. 671
South Emilychester, KY 17264","0.0"
"97","kennethwilliams@gmail.com","pbkdf2:sha256:260000$yPFglH6Kh7SQiOPB$83bc1bbd57b15eb43176fb755d9489dfe3ecd34e426debcf18d8e4403d2cb0fa","Donald","Thompson","145 Roberts Common Suite 347
East Lindseyville, MA 56035","0.0"
"98","shawnharris@gmail.com","pbkdf2:sha256:260000$46QS6GRzhw4pZHz2$8e56732d0b63c763dce440b44e2d20f58b3cbd8778ab7510f22cc8a74289c7a8","Bryan","Scott","03107 Kristopher Parkways
Jenniferchester, WI 32030","0.0"
"99","danieltucker@hotmail.com","pbkdf2:sha256:260000$9vJ4GyjNDKn9ZpdU$cfb1ba4fc0feb3df7373fa966b01e7aa2c075eb1f60305a84a3f2b776b80cd64","Jessica","Miller","99513 Thomas Port Apt. 838
Hutchinsonmouth, MN 33266","0.0"
